Workbook

Sheet Painel de Controle
A1: PAINEL DE CONTROLE — FROTA
A3: CAMINHÃO 1 — HR HYUNDAI 2018 DIESEL | E3: CAMINHÃO 2 — KIA BONGO 2014 DIESEL
B4: Modelo | C4: HR Hyundai 2018 | E4: Modelo | F4: KIA Bongo 2014
B5: Motor | C5: 2.5 Turbo Diesel (D4CB) | E5: Motor | F5: 2.5 Turbo Diesel (D4BH)
B6: Potência | C6: 130 cv | E6: Potência | F6: 94 cv
B7: Torque | C7: 26,0 kgfm | E7: Torque | F7: 22,1 kgfm
B8: Câmbio | C8: Manual 6 marchas | E8: Câmbio | F8: Manual 5 marchas
B9: PBT | C9: 3.550 kg | E9: PBT | F9: 3.500 kg
B10: Carga Útil | C10: ~1.700 kg | E10: Carga Útil | F10: ~1.650 kg
B11: Tanque | C11: 75 litros | E11: Tanque | F11: 65 litros
B12: Pneus | C12: 205/75 R16 | E12: Pneus | F12: 205/75 R16
B13: Ano | C13: 2018 | E13: Ano | F13: 2014
B14: Odômetro Atual (km) | E14: Odômetro Atual (km)
B15: Placa | E15: Placa
B16: RENAVAM | E16: RENAVAM
B17: Chassi | E17: Chassi
A20: COMO USAR ESTA PLANILHA
B21: 1. Preencha os dados dos caminhões acima (placa, RENAVAM, odômetro atual).
B22: 2. Use as abas 'Preventiva HR' e 'Preventiva Bongo' para registrar manutenções de rotina.
B23: 3. Use as abas 'Corretiva HR' e 'Corretiva Bongo' para quebras e consertos inesperados.
B24: 4. A aba 'Catálogo de Peças' tem TODAS as peças com km preventivo de referência.
B25: 5. Use as abas de 'Abastecimento' para controlar consumo de diesel (km/l automático).
B26: 6. A aba 'Resumo Anual' consolida TODOS os gastos automaticamente.
B27: 7. Células AMARELAS = campos para você preencher. O resto é automático.
B28: 8. As colunas 'Vida Útil' e 'Km até Próxima' são calculadas automaticamente.
B29: 9. Dica: registre SEMPRE o odômetro — é a base de todos os cálculos de vida útil.

Sheet Catálogo de Peças
A1: CATÁLOGO DE PEÇAS — REFERÊNCIA DE VIDA ÚTIL
A3: HR HYUNDAI 2018 — 2.5 TURBO DIESEL
A4: Nº | B4: Peça / Componente | C4: Km Preventivo | D4: Observação
A5: 1 | B5: Óleo do Motor 5W-30 (Diesel) | C5: 10000 | D5: Troca a cada 10.000 km
A6: 2 | B6: Filtro de Óleo | C6: 10000 | D6: Trocar junto com o óleo
A7: 3 | B7: Filtro de Combustível | C7: 20000 | D7: Trocar a cada 20.000 km
A8: 4 | B8: Filtro de Ar do Motor | C8: 20000 | D8: Trocar a cada 20.000 km ou quando sujo
A9: 5 | B9: Filtro de Ar Condicionado (Cabine) | C9: 15000 | D9: Trocar a cada 15.000 km
A10: 6 | B10: Correia Dentada | C10: 100000 | D10: CRÍTICO — trocar a cada 100.000 km
A11: 7 | B11: Correia do Alternador | C11: 60000 | D11: Verificar a cada 30.000 km, trocar 60.000
A12: 8 | B12: Tensor da Correia Dentada | C12: 100000 | D12: Trocar junto com a correia dentada
A13: 9 | B13: Bomba d'Água | C13: 100000 | D13: Trocar junto com a correia dentada
A14: 10 | B14: Kit de Embreagem (Disco + Platô + Rolamento) | C14: 80000 | D14: Depende do uso — média 80.000 km
A15: 11 | B15: Fluido de Embreagem | C15: 30000 | D15: Trocar a cada 30.000 km
A16: 12 | B16: Pastilhas de Freio Dianteiras | C16: 30000 | D16: Verificar a cada 15.000 km
... A54: 50 | B54: Junta do Cabeçote | C54: 200000 | D54: Trocar se houver vazamento/superaquecimento
A57: KIA BONGO 2014 — 2.5 TURBO DIESEL
A58: Nº | B58: Peça / Componente | C58: Km Preventivo | D58: Observação
A59: 1 | B59: Óleo do Motor 5W-30 (Diesel) | C59: 10000 | D59: Troca a cada 10.000 km
A60: 2 | B60: Filtro de Óleo | C60: 10000 | D60: Trocar junto com o óleo
A61: 3 | B61: Filtro de Combustível (Primário) | C61: 20000 | D61: Trocar a cada 20.000 km
A62: 4 | B62: Filtro de Combustível (Secundário) | C62: 20000 | D62: Trocar junto com o primário
A63: 5 | B63: Filtro de Ar do Motor | C63: 20000 | D63: Trocar a cada 20.000 km
A64: 6 | B64: Filtro de Ar Condicionado (Cabine) | C64: 15000 | D64: Trocar a cada 15.000 km
A65: 7 | B65: Correia Dentada | C65: 80000 | D65: CRÍTICO — Bongo troca a cada 80.000 km
A66: 8 | B66: Correia do Alternador/Acessórios | C66: 50000 | D66: Verificar tensão periódica
A67: 9 | B67: Tensor da Correia Dentada | C67: 80000 | D67: Trocar junto com a correia
A68: 10 | B68: Bomba d'Água | C68: 80000 | D68: Trocar junto com a correia dentada
A69: 11 | B69: Kit de Embreagem (Disco + Platô + Rolamento) | C69: 70000 | D69: Média 70.000 km no Bongo
A70: 12 | B70: Atuador Hidráulico da Embreagem | C70: 70000 | D70: Trocar junto se necessário
... A115: 57 | B115: Válvula EGR | C115: 80000 | D115: Limpeza ou troca — comum no Bongo

Sheet Preventiva HR
A1: MANUTENÇÃO PREVENTIVA — HR HYUNDAI 2018 | N1: Óleo do Motor 5W-30 (Diesel) | O1: 10000
N2: Filtro de Óleo | O2: 10000
A3: Nº | B3: Data | C3: Odômetro (km) | D3: Peça / Serviço | E3: Km Preventivo Ref. | F3: Oficina / Mecânico | G3: Valor (R$) | H3: Km da Última Troca | I3: Km Rodados desde Última | J3: Dias desde Última | K3: Próxima Troca (km) | L3: Observação | N3: Filtro de Combustível | O3: 20000
A4: 1 | E4: =IF(D4="","",VLOOKUP(D4,$N$1:$O$50,2,FALSE)) | I4: =IF(OR(C4="",H4=""),"",C4-H4) | J4: =IF(OR(B4="",H4=""),"",B4-IFERROR(INDEX(B$4:B$153,MATCH(1,(D$4:D$153=D4)*(C$4:C$153=H4),0)),B4)) | K4: =IF(OR(C4="",E4=""),"",C4+E4) | N4: Filtro de Ar do Motor | O4: 20000
A5: 2 | E5: =IF(D5="","",VLOOKUP(D5,$N$1:$O$50,2,FALSE)) | I5: =IF(OR(C5="",H5=""),"",C5-H5) | J5: =IF(OR(B5="",H5=""),"",B5-IFERROR(INDEX(B$4:B$153,MATCH(1,(D$4:D$153=D5)*(C$4:C$153=H5),0)),B5)) | K5: =IF(OR(C5="",E5=""),"",C5+E5) | N5: Filtro de Ar Condicionado (Cabine) | O5: 15000
A6: 3 | E6: =IF(D6="","",VLOOKUP(D6,$N$1:$O$50,2,FALSE)) | I6: =IF(OR(C6="",H6=""),"",C6-H6) | J6: =IF(OR(B6="",H6=""),"",B6-IFERROR(INDEX(B$4:B$153,MATCH(1,(D$4:D$153=D6)*(C$4:C$153=H6),0)),B6)) | K6: =IF(OR(C6="",E6=""),"",C6+E6) | N6: Correia Dentada | O6: 100000
A7: 4 | E7: =IF(D7="","",VLOOKUP(D7,$N$1:$O$50,2,FALSE)) | I7: =IF(OR(C7="",H7=""),"",C7-H7) | J7: =IF(OR(B7="",H7=""),"",B7-IFERROR(INDEX(B$4:B$153,MATCH(1,(D$4:D$153=D7)*(C$4:C$153=H7),0)),B7)) | K7: =IF(OR(C7="",E7=""),"",C7+E7) | N7: Correia do Alternador | O7: 60000
A8: 5 | E8: =IF(D8="","",VLOOKUP(D8,$N$1:$O$50,2,FALSE)) | I8: =IF(OR(C8="",H8=""),"",C8-H8) | J8: =IF(OR(B8="",H8=""),"",B8-IFERROR(INDEX(B$4:B$153,MATCH(1,(D$4:D$153=D8)*(C$4:C$153=H8),0)),B8)) | K8: =IF(OR(C8="",E8=""),"",C8+E8) | N8: Tensor da Correia Dentada | O8: 100000
A9: 6 | E9: =IF(D9="","",VLOOKUP(D9,$N$1:$O$50,2,FALSE)) | I9: =IF(OR(C9="",H9=""),"",C9-H9) | J9: =IF(OR(B9="",H9=""),"",B9-IFERROR(INDEX(B$4:B$153,MATCH(1,(D$4:D$153=D9)*(C$4:C$153=H9),0)),B9)) | K9: =IF(OR(C9="",E9=""),"",C9+E9) | N9: Bomba d'Água | O9: 100000
A10: 7 | E10: =IF(D10="","",VLOOKUP(D10,$N$1:$O$50,2,FALSE)) | I10: =IF(OR(C10="",H10=""),"",C10-H10) | J10: =IF(OR(B10="",H10=""),"",B10-IFERROR(INDEX(B$4:B$153,MATCH(1,(D$4:D$153=D10)*(C$4:C$153=H10),0)),B10)) | K10: =IF(OR(C10="",E10=""),"",C10+E10) | N10: Kit de Embreagem (Disco + Platô + Rolamento) | O10: 80000
A11: 8 | E11: =IF(D11="","",VLOOKUP(D11,$N$1:$O$50,2,FALSE)) | I11: =IF(OR(C11="",H11=""),"",C11-H11) | J11: =IF(OR(B11="",H11=""),"",B11-IFERROR(INDEX(B$4:B$153,MATCH(1,(D$4:D$153=D11)*(C$4:C$153=H11),0)),B11)) | K11: =IF(OR(C11="",E11=""),"",C11+E11) | N11: Fluido de Embreagem | O11: 30000
A12: 9 | E12: =IF(D12="","",VLOOKUP(D12,$N$1:$O$50,2,FALSE)) | I12: =IF(OR(C12="",H12=""),"",C12-H12) | J12: =IF(OR(B12="",H12=""),"",B12-IFERROR(INDEX(B$4:B$153,MATCH(1,(D$4:D$153=D12)*(C$4:C$153=H12),0)),B12)) | K12: =IF(OR(C12="",E12=""),"",C12+E12) | N12: Pastilhas de Freio Dianteiras | O12: 30000
A13: 10 | E13: =IF(D13="","",VLOOKUP(D13,$N$1:$O$50,2,FALSE)) | I13: =IF(OR(C13="",H13=""),"",C13-H13) | J13: =IF(OR(B13="",H13=""),"",B13-IFERROR(INDEX(B$4:B$153,MATCH(1,(D$4:D$153=D13)*(C$4:C$153=H13),0)),B13)) | K13: =IF(OR(C13="",E13=""),"",C13+E13) | N13: Lonas de Freio Traseiras | O13: 40000
A14: 11 | E14: =IF(D14="","",VLOOKUP(D14,$N$1:$O$50,2,FALSE)) | I14: =IF(OR(C14="",H14=""),"",C14-H14) | J14: =IF(OR(B14="",H14=""),"",B14-IFERROR(INDEX(B$4:B$153,MATCH(1,(D$4:D$153=D14)*(C$4:C$153=H14),0)),B14)) | K14: =IF(OR(C14="",E14=""),"",C14+E14) | N14: Disco de Freio Dianteiro | O14: 60000
A15: 12 | E15: =IF(D15="","",VLOOKUP(D15,$N$1:$O$50,2,FALSE)) | I15: =IF(OR(C15="",H15=""),"",C15-H15) | J15: =IF(OR(B15="",H15=""),"",B15-IFERROR(INDEX(B$4:B$153,MATCH(1,(D$4:D$153=D15)*(C$4:C$153=H15),0)),B15)) | K15: =IF(OR(C15="",E15=""),"",C15+E15) | N15: Tambor de Freio Traseiro | O15: 80000
... A50: 47 | E50: =IF(D50="","",VLOOKUP(D50,$N$1:$O$50,2,FALSE)) | I50: =IF(OR(C50="",H50=""),"",C50-H50) | J50: =IF(OR(B50="",H50=""),"",B50-IFERROR(INDEX(B$4:B$153,MATCH(1,(D$4:D$153=D50)*(C$4:C$153=H50),0)),B50)) | K50: =IF(OR(C50="",E50=""),"",C50+E50) | N50: Junta do Cabeçote | O50: 200000
A51: 48 | E51: =IF(D51="","",VLOOKUP(D51,$N$1:$O$50,2,FALSE)) | I51: =IF(OR(C51="",H51=""),"",C51-H51) | J51: =IF(OR(B51="",H51=""),"",B51-IFERROR(INDEX(B$4:B$153,MATCH(1,(D$4:D$153=D51)*(C$4:C$153=H51),0)),B51)) | K51: =IF(OR(C51="",E51=""),"",C51+E51)
A52: 49 | E52: =IF(D52="","",VLOOKUP(D52,$N$1:$O$50,2,FALSE)) | I52: =IF(OR(C52="",H52=""),"",C52-H52) | J52: =IF(OR(B52="",H52=""),"",B52-IFERROR(INDEX(B$4:B$153,MATCH(1,(D$4:D$153=D52)*(C$4:C$153=H52),0)),B52)) | K52: =IF(OR(C52="",E52=""),"",C52+E52)
A53: 50 | E53: =IF(D53="","",VLOOKUP(D53,$N$1:$O$50,2,FALSE)) | I53: =IF(OR(C53="",H53=""),"",C53-H53) | J53: =IF(OR(B53="",H53=""),"",B53-IFERROR(INDEX(B$4:B$153,MATCH(1,(D$4:D$153=D53)*(C$4:C$153=H53),0)),B53)) | K53: =IF(OR(C53="",E53=""),"",C53+E53)
A54: 51 | E54: =IF(D54="","",VLOOKUP(D54,$N$1:$O$50,2,FALSE)) | I54: =IF(OR(C54="",H54=""),"",C54-H54) | J54: =IF(OR(B54="",H54=""),"",B54-IFERROR(INDEX(B$4:B$153,MATCH(1,(D$4:D$153=D54)*(C$4:C$153=H54),0)),B54)) | K54: =IF(OR(C54="",E54=""),"",C54+E54)
A55: 52 | E55: =IF(D55="","",VLOOKUP(D55,$N$1:$O$50,2,FALSE)) | I55: =IF(OR(C55="",H55=""),"",C55-H55) | J55: =IF(OR(B55="",H55=""),"",B55-IFERROR(INDEX(B$4:B$153,MATCH(1,(D$4:D$153=D55)*(C$4:C$153=H55),0)),B55)) | K55: =IF(OR(C55="",E55=""),"",C55+E55)
A56: 53 | E56: =IF(D56="","",VLOOKUP(D56,$N$1:$O$50,2,FALSE)) | I56: =IF(OR(C56="",H56=""),"",C56-H56) | J56: =IF(OR(B56="",H56=""),"",B56-IFERROR(INDEX(B$4:B$153,MATCH(1,(D$4:D$153=D56)*(C$4:C$153=H56),0)),B56)) | K56: =IF(OR(C56="",E56=""),"",C56+E56)
A57: 54 | E57: =IF(D57="","",VLOOKUP(D57,$N$1:$O$50,2,FALSE)) | I57: =IF(OR(C57="",H57=""),"",C57-H57) | J57: =IF(OR(B57="",H57=""),"",B57-IFERROR(INDEX(B$4:B$153,MATCH(1,(D$4:D$153=D57)*(C$4:C$153=H57),0)),B57)) | K57: =IF(OR(C57="",E57=""),"",C57+E57)
A58: 55 | E58: =IF(D58="","",VLOOKUP(D58,$N$1:$O$50,2,FALSE)) | I58: =IF(OR(C58="",H58=""),"",C58-H58) | J58: =IF(OR(B58="",H58=""),"",B58-IFERROR(INDEX(B$4:B$153,MATCH(1,(D$4:D$153=D58)*(C$4:C$153=H58),0)),B58)) | K58: =IF(OR(C58="",E58=""),"",C58+E58)
A59: 56 | E59: =IF(D59="","",VLOOKUP(D59,$N$1:$O$50,2,FALSE)) | I59: =IF(OR(C59="",H59=""),"",C59-H59) | J59: =IF(OR(B59="",H59=""),"",B59-IFERROR(INDEX(B$4:B$153,MATCH(1,(D$4:D$153=D59)*(C$4:C$153=H59),0)),B59)) | K59: =IF(OR(C59="",E59=""),"",C59+E59)
A60: 57 | E60: =IF(D60="","",VLOOKUP(D60,$N$1:$O$50,2,FALSE)) | I60: =IF(OR(C60="",H60=""),"",C60-H60) | J60: =IF(OR(B60="",H60=""),"",B60-IFERROR(INDEX(B$4:B$153,MATCH(1,(D$4:D$153=D60)*(C$4:C$153=H60),0)),B60)) | K60: =IF(OR(C60="",E60=""),"",C60+E60)
A61: 58 | E61: =IF(D61="","",VLOOKUP(D61,$N$1:$O$50,2,FALSE)) | I61: =IF(OR(C61="",H61=""),"",C61-H61) | J61: =IF(OR(B61="",H61=""),"",B61-IFERROR(INDEX(B$4:B$153,MATCH(1,(D$4:D$153=D61)*(C$4:C$153=H61),0)),B61)) | K61: =IF(OR(C61="",E61=""),"",C61+E61)
A62: 59 | E62: =IF(D62="","",VLOOKUP(D62,$N$1:$O$50,2,FALSE)) | I62: =IF(OR(C62="",H62=""),"",C62-H62) | J62: =IF(OR(B62="",H62=""),"",B62-IFERROR(INDEX(B$4:B$153,MATCH(1,(D$4:D$153=D62)*(C$4:C$153=H62),0)),B62)) | K62: =IF(OR(C62="",E62=""),"",C62+E62)
... A153: 150 | E153: =IF(D153="","",VLOOKUP(D153,$N$1:$O$50,2,FALSE)) | I153: =IF(OR(C153="",H153=""),"",C153-H153) | J153: =IF(OR(B153="",H153=""),"",B153-IFERROR(INDEX(B$4:B$153,MATCH(1,(D$4:D$153=D153)*(C$4:C$153=H153),0)),B153)) | K153: =IF(OR(C153="",E153=""),"",C153+E153)
A154: TOTAL INVESTIDO EM PREVENTIVA | G154: =SUM(G4:G153)

Sheet Corretiva HR
A1: MANUTENÇÃO CORRETIVA (QUEBRAS) — HR HYUNDAI 2018 | P1: Óleo do Motor 5W-30 (Diesel)
P2: Filtro de Óleo
A3: Nº | B3: Data da Quebra | C3: Odômetro Quebra (km) | D3: Peça que Quebrou | E3: Descrição do Problema | F3: Oficina / Mecânico | G3: Valor do Conserto (R$) | H3: Valor da Peça (R$) | I3: Valor Mão de Obra (R$) | J3: Custo Total (R$) | K3: Data Última Quebra (mesma peça) | L3: Odômetro Última Quebra | M3: Dias entre Quebras | N3: Km entre Quebras | P3: Filtro de Combustível
A4: 1 | J4: =IF(G4<>"",G4,IF(OR(H4="",I4=""),"",H4+I4)) | M4: =IF(OR(B4="",K4=""),"",B4-K4) | N4: =IF(OR(C4="",L4=""),"",C4-L4) | P4: Filtro de Ar do Motor
A5: 2 | J5: =IF(G5<>"",G5,IF(OR(H5="",I5=""),"",H5+I5)) | M5: =IF(OR(B5="",K5=""),"",B5-K5) | N5: =IF(OR(C5="",L5=""),"",C5-L5) | P5: Filtro de Ar Condicionado (Cabine)
A6: 3 | J6: =IF(G6<>"",G6,IF(OR(H6="",I6=""),"",H6+I6)) | M6: =IF(OR(B6="",K6=""),"",B6-K6) | N6: =IF(OR(C6="",L6=""),"",C6-L6) | P6: Correia Dentada
A7: 4 | J7: =IF(G7<>"",G7,IF(OR(H7="",I7=""),"",H7+I7)) | M7: =IF(OR(B7="",K7=""),"",B7-K7) | N7: =IF(OR(C7="",L7=""),"",C7-L7) | P7: Correia do Alternador
A8: 5 | J8: =IF(G8<>"",G8,IF(OR(H8="",I8=""),"",H8+I8)) | M8: =IF(OR(B8="",K8=""),"",B8-K8) | N8: =IF(OR(C8="",L8=""),"",C8-L8) | P8: Tensor da Correia Dentada
A9: 6 | J9: =IF(G9<>"",G9,IF(OR(H9="",I9=""),"",H9+I9)) | M9: =IF(OR(B9="",K9=""),"",B9-K9) | N9: =IF(OR(C9="",L9=""),"",C9-L9) | P9: Bomba d'Água
A10: 7 | J10: =IF(G10<>"",G10,IF(OR(H10="",I10=""),"",H10+I10)) | M10: =IF(OR(B10="",K10=""),"",B10-K10) | N10: =IF(OR(C10="",L10=""),"",C10-L10) | P10: Kit de Embreagem (Disco + Platô + Rolamento)
A11: 8 | J11: =IF(G11<>"",G11,IF(OR(H11="",I11=""),"",H11+I11)) | M11: =IF(OR(B11="",K11=""),"",B11-K11) | N11: =IF(OR(C11="",L11=""),"",C11-L11) | P11: Fluido de Embreagem
A12: 9 | J12: =IF(G12<>"",G12,IF(OR(H12="",I12=""),"",H12+I12)) | M12: =IF(OR(B12="",K12=""),"",B12-K12) | N12: =IF(OR(C12="",L12=""),"",C12-L12) | P12: Pastilhas de Freio Dianteiras
A13: 10 | J13: =IF(G13<>"",G13,IF(OR(H13="",I13=""),"",H13+I13)) | M13: =IF(OR(B13="",K13=""),"",B13-K13) | N13: =IF(OR(C13="",L13=""),"",C13-L13) | P13: Lonas de Freio Traseiras
A14: 11 | J14: =IF(G14<>"",G14,IF(OR(H14="",I14=""),"",H14+I14)) | M14: =IF(OR(B14="",K14=""),"",B14-K14) | N14: =IF(OR(C14="",L14=""),"",C14-L14) | P14: Disco de Freio Dianteiro
A15: 12 | J15: =IF(G15<>"",G15,IF(OR(H15="",I15=""),"",H15+I15)) | M15: =IF(OR(B15="",K15=""),"",B15-K15) | N15: =IF(OR(C15="",L15=""),"",C15-L15) | P15: Tambor de Freio Traseiro
... A50: 47 | J50: =IF(G50<>"",G50,IF(OR(H50="",I50=""),"",H50+I50)) | M50: =IF(OR(B50="",K50=""),"",B50-K50) | N50: =IF(OR(C50="",L50=""),"",C50-L50) | P50: Junta do Cabeçote
A51: 48 | J51: =IF(G51<>"",G51,IF(OR(H51="",I51=""),"",H51+I51)) | M51: =IF(OR(B51="",K51=""),"",B51-K51) | N51: =IF(OR(C51="",L51=""),"",C51-L51)
A52: 49 | J52: =IF(G52<>"",G52,IF(OR(H52="",I52=""),"",H52+I52)) | M52: =IF(OR(B52="",K52=""),"",B52-K52) | N52: =IF(OR(C52="",L52=""),"",C52-L52)
A53: 50 | J53: =IF(G53<>"",G53,IF(OR(H53="",I53=""),"",H53+I53)) | M53: =IF(OR(B53="",K53=""),"",B53-K53) | N53: =IF(OR(C53="",L53=""),"",C53-L53)
A54: 51 | J54: =IF(G54<>"",G54,IF(OR(H54="",I54=""),"",H54+I54)) | M54: =IF(OR(B54="",K54=""),"",B54-K54) | N54: =IF(OR(C54="",L54=""),"",C54-L54)
A55: 52 | J55: =IF(G55<>"",G55,IF(OR(H55="",I55=""),"",H55+I55)) | M55: =IF(OR(B55="",K55=""),"",B55-K55) | N55: =IF(OR(C55="",L55=""),"",C55-L55)
A56: 53 | J56: =IF(G56<>"",G56,IF(OR(H56="",I56=""),"",H56+I56)) | M56: =IF(OR(B56="",K56=""),"",B56-K56) | N56: =IF(OR(C56="",L56=""),"",C56-L56)
A57: 54 | J57: =IF(G57<>"",G57,IF(OR(H57="",I57=""),"",H57+I57)) | M57: =IF(OR(B57="",K57=""),"",B57-K57) | N57: =IF(OR(C57="",L57=""),"",C57-L57)
A58: 55 | J58: =IF(G58<>"",G58,IF(OR(H58="",I58=""),"",H58+I58)) | M58: =IF(OR(B58="",K58=""),"",B58-K58) | N58: =IF(OR(C58="",L58=""),"",C58-L58)
A59: 56 | J59: =IF(G59<>"",G59,IF(OR(H59="",I59=""),"",H59+I59)) | M59: =IF(OR(B59="",K59=""),"",B59-K59) | N59: =IF(OR(C59="",L59=""),"",C59-L59)
A60: 57 | J60: =IF(G60<>"",G60,IF(OR(H60="",I60=""),"",H60+I60)) | M60: =IF(OR(B60="",K60=""),"",B60-K60) | N60: =IF(OR(C60="",L60=""),"",C60-L60)
A61: 58 | J61: =IF(G61<>"",G61,IF(OR(H61="",I61=""),"",H61+I61)) | M61: =IF(OR(B61="",K61=""),"",B61-K61) | N61: =IF(OR(C61="",L61=""),"",C61-L61)
A62: 59 | J62: =IF(G62<>"",G62,IF(OR(H62="",I62=""),"",H62+I62)) | M62: =IF(OR(B62="",K62=""),"",B62-K62) | N62: =IF(OR(C62="",L62=""),"",C62-L62)
... A153: 150 | J153: =IF(G153<>"",G153,IF(OR(H153="",I153=""),"",H153+I153)) | M153: =IF(OR(B153="",K153=""),"",B153-K153) | N153: =IF(OR(C153="",L153=""),"",C153-L153)
A154: TOTAL GASTO EM CORRETIVA | J154: =SUM(J4:J153)

Sheet Pneus HR
A1: CONTROLE DE PNEUS — HR HYUNDAI 2018
A2: Medida padrão: 205/75 R16
A3: Nº | B3: Data Compra | C3: Odômetro Compra (km) | D3: Posição (DE/DD/TE/TD/Estepe) | E3: Marca / Modelo Pneu | F3: Valor Unitário (R$) | G3: Qtd | H3: Valor Total (R$) | I3: Data Troca / Descarte | J3: Odômetro Troca (km) | K3: Km Rodados (Vida Útil) | L3: Dias de Uso | M3: Custo por Km (R$/km) | N3: Motivo Troca
A4: 1 | H4: =IF(OR(F4="",G4=""),"",F4*G4) | K4: =IF(OR(C4="",J4=""),"",J4-C4) | L4: =IF(OR(B4="",I4=""),"",I4-B4) | M4: =IF(OR(H4="",K4="",K4=0),"",H4/K4)
A5: 2 | H5: =IF(OR(F5="",G5=""),"",F5*G5) | K5: =IF(OR(C5="",J5=""),"",J5-C5) | L5: =IF(OR(B5="",I5=""),"",I5-B5) | M5: =IF(OR(H5="",K5="",K5=0),"",H5/K5)
A6: 3 | H6: =IF(OR(F6="",G6=""),"",F6*G6) | K6: =IF(OR(C6="",J6=""),"",J6-C6) | L6: =IF(OR(B6="",I6=""),"",I6-B6) | M6: =IF(OR(H6="",K6="",K6=0),"",H6/K6)
A7: 4 | H7: =IF(OR(F7="",G7=""),"",F7*G7) | K7: =IF(OR(C7="",J7=""),"",J7-C7) | L7: =IF(OR(B7="",I7=""),"",I7-B7) | M7: =IF(OR(H7="",K7="",K7=0),"",H7/K7)
A8: 5 | H8: =IF(OR(F8="",G8=""),"",F8*G8) | K8: =IF(OR(C8="",J8=""),"",J8-C8) | L8: =IF(OR(B8="",I8=""),"",I8-B8) | M8: =IF(OR(H8="",K8="",K8=0),"",H8/K8)
A9: 6 | H9: =IF(OR(F9="",G9=""),"",F9*G9) | K9: =IF(OR(C9="",J9=""),"",J9-C9) | L9: =IF(OR(B9="",I9=""),"",I9-B9) | M9: =IF(OR(H9="",K9="",K9=0),"",H9/K9)
A10: 7 | H10: =IF(OR(F10="",G10=""),"",F10*G10) | K10: =IF(OR(C10="",J10=""),"",J10-C10) | L10: =IF(OR(B10="",I10=""),"",I10-B10) | M10: =IF(OR(H10="",K10="",K10=0),"",H10/K10)
A11: 8 | H11: =IF(OR(F11="",G11=""),"",F11*G11) | K11: =IF(OR(C11="",J11=""),"",J11-C11) | L11: =IF(OR(B11="",I11=""),"",I11-B11) | M11: =IF(OR(H11="",K11="",K11=0),"",H11/K11)
A12: 9 | H12: =IF(OR(F12="",G12=""),"",F12*G12) | K12: =IF(OR(C12="",J12=""),"",J12-C12) | L12: =IF(OR(B12="",I12=""),"",I12-B12) | M12: =IF(OR(H12="",K12="",K12=0),"",H12/K12)
A13: 10 | H13: =IF(OR(F13="",G13=""),"",F13*G13) | K13: =IF(OR(C13="",J13=""),"",J13-C13) | L13: =IF(OR(B13="",I13=""),"",I13-B13) | M13: =IF(OR(H13="",K13="",K13=0),"",H13/K13)
A14: 11 | H14: =IF(OR(F14="",G14=""),"",F14*G14) | K14: =IF(OR(C14="",J14=""),"",J14-C14) | L14: =IF(OR(B14="",I14=""),"",I14-B14) | M14: =IF(OR(H14="",K14="",K14=0),"",H14/K14)
A15: 12 | H15: =IF(OR(F15="",G15=""),"",F15*G15) | K15: =IF(OR(C15="",J15=""),"",J15-C15) | L15: =IF(OR(B15="",I15=""),"",I15-B15) | M15: =IF(OR(H15="",K15="",K15=0),"",H15/K15)
... A83: 80 | H83: =IF(OR(F83="",G83=""),"",F83*G83) | K83: =IF(OR(C83="",J83=""),"",J83-C83) | L83: =IF(OR(B83="",I83=""),"",I83-B83) | M83: =IF(OR(H83="",K83="",K83=0),"",H83/K83)
A84: TOTAL INVESTIDO EM PNEUS | H84: =SUM(H4:H83)

Sheet Abastecimento HR
A1: CONTROLE DE ABASTECIMENTO — HR HYUNDAI 2018
A2: Tanque: 75 litros | Combustível: Diesel S10
A3: Nº | B3: Data | C3: Odômetro (km) | D3: Litros | E3: Valor/Litro (R$) | F3: Valor Total (R$) | G3: Posto / Local | H3: Tanque Cheio? | I3: Km desde Último Abast. | J3: Consumo (km/l) | K3: Custo por Km (R$/km) | L3: Observação
A4: 1 | F4: =IF(OR(D4="",E4=""),"",D4*E4)
A5: 2 | F5: =IF(OR(D5="",E5=""),"",D5*E5) | I5: =IF(OR(C5="",C4=""),"",C5-C4) | J5: =IF(OR(I5="",D5="",D5=0,I5=0),"",I5/D5) | K5: =IF(OR(F5="",I5="",I5=0),"",F5/I5)
A6: 3 | F6: =IF(OR(D6="",E6=""),"",D6*E6) | I6: =IF(OR(C6="",C5=""),"",C6-C5) | J6: =IF(OR(I6="",D6="",D6=0,I6=0),"",I6/D6) | K6: =IF(OR(F6="",I6="",I6=0),"",F6/I6)
A7: 4 | F7: =IF(OR(D7="",E7=""),"",D7*E7) | I7: =IF(OR(C7="",C6=""),"",C7-C6) | J7: =IF(OR(I7="",D7="",D7=0,I7=0),"",I7/D7) | K7: =IF(OR(F7="",I7="",I7=0),"",F7/I7)
A8: 5 | F8: =IF(OR(D8="",E8=""),"",D8*E8) | I8: =IF(OR(C8="",C7=""),"",C8-C7) | J8: =IF(OR(I8="",D8="",D8=0,I8=0),"",I8/D8) | K8: =IF(OR(F8="",I8="",I8=0),"",F8/I8)
A9: 6 | F9: =IF(OR(D9="",E9=""),"",D9*E9) | I9: =IF(OR(C9="",C8=""),"",C9-C8) | J9: =IF(OR(I9="",D9="",D9=0,I9=0),"",I9/D9) | K9: =IF(OR(F9="",I9="",I9=0),"",F9/I9)
A10: 7 | F10: =IF(OR(D10="",E10=""),"",D10*E10) | I10: =IF(OR(C10="",C9=""),"",C10-C9) | J10: =IF(OR(I10="",D10="",D10=0,I10=0),"",I10/D10) | K10: =IF(OR(F10="",I10="",I10=0),"",F10/I10)
A11: 8 | F11: =IF(OR(D11="",E11=""),"",D11*E11) | I11: =IF(OR(C11="",C10=""),"",C11-C10) | J11: =IF(OR(I11="",D11="",D11=0,I11=0),"",I11/D11) | K11: =IF(OR(F11="",I11="",I11=0),"",F11/I11)
A12: 9 | F12: =IF(OR(D12="",E12=""),"",D12*E12) | I12: =IF(OR(C12="",C11=""),"",C12-C11) | J12: =IF(OR(I12="",D12="",D12=0,I12=0),"",I12/D12) | K12: =IF(OR(F12="",I12="",I12=0),"",F12/I12)
A13: 10 | F13: =IF(OR(D13="",E13=""),"",D13*E13) | I13: =IF(OR(C13="",C12=""),"",C13-C12) | J13: =IF(OR(I13="",D13="",D13=0,I13=0),"",I13/D13) | K13: =IF(OR(F13="",I13="",I13=0),"",F13/I13)
A14: 11 | F14: =IF(OR(D14="",E14=""),"",D14*E14) | I14: =IF(OR(C14="",C13=""),"",C14-C13) | J14: =IF(OR(I14="",D14="",D14=0,I14=0),"",I14/D14) | K14: =IF(OR(F14="",I14="",I14=0),"",F14/I14)
A15: 12 | F15: =IF(OR(D15="",E15=""),"",D15*E15) | I15: =IF(OR(C15="",C14=""),"",C15-C14) | J15: =IF(OR(I15="",D15="",D15=0,I15=0),"",I15/D15) | K15: =IF(OR(F15="",I15="",I15=0),"",F15/I15)
A16: 13 | F16: =IF(OR(D16="",E16=""),"",D16*E16) | I16: =IF(OR(C16="",C15=""),"",C16-C15) | J16: =IF(OR(I16="",D16="",D16=0,I16=0),"",I16/D16) | K16: =IF(OR(F16="",I16="",I16=0),"",F16/I16)
... A153: 150 | F153: =IF(OR(D153="",E153=""),"",D153*E153) | I153: =IF(OR(C153="",C152=""),"",C153-C152) | J153: =IF(OR(I153="",D153="",D153=0,I153=0),"",I153/D153) | K153: =IF(OR(F153="",I153="",I153=0),"",F153/I153)
A154: TOTAIS | D154: =SUM(D4:D153) | F154: =SUM(F4:F153)
A155: MÉDIA DE CONSUMO | J155: =IF(COUNTA(J4:J153)=0,"",AVERAGE(J4:J153))

Sheet Preventiva Bongo
A1: MANUTENÇÃO PREVENTIVA — KIA BONGO 2014 | N1: Óleo do Motor 5W-30 (Diesel) | O1: 10000
N2: Filtro de Óleo | O2: 10000
A3: Nº | B3: Data | C3: Odômetro (km) | D3: Peça / Serviço | E3: Km Preventivo Ref. | F3: Oficina / Mecânico | G3: Valor (R$) | H3: Km da Última Troca | I3: Km Rodados desde Última | J3: Dias desde Última | K3: Próxima Troca (km) | L3: Observação | N3: Filtro de Combustível (Primário) | O3: 20000
A4: 1 | E4: =IF(D4="","",VLOOKUP(D4,$N$1:$O$57,2,FALSE)) | I4: =IF(OR(C4="",H4=""),"",C4-H4) | J4: =IF(OR(B4="",H4=""),"",B4-IFERROR(INDEX(B$4:B$153,MATCH(1,(D$4:D$153=D4)*(C$4:C$153=H4),0)),B4)) | K4: =IF(OR(C4="",E4=""),"",C4+E4) | N4: Filtro de Combustível (Secundário) | O4: 20000
A5: 2 | E5: =IF(D5="","",VLOOKUP(D5,$N$1:$O$57,2,FALSE)) | I5: =IF(OR(C5="",H5=""),"",C5-H5) | J5: =IF(OR(B5="",H5=""),"",B5-IFERROR(INDEX(B$4:B$153,MATCH(1,(D$4:D$153=D5)*(C$4:C$153=H5),0)),B5)) | K5: =IF(OR(C5="",E5=""),"",C5+E5) | N5: Filtro de Ar do Motor | O5: 20000
A6: 3 | E6: =IF(D6="","",VLOOKUP(D6,$N$1:$O$57,2,FALSE)) | I6: =IF(OR(C6="",H6=""),"",C6-H6) | J6: =IF(OR(B6="",H6=""),"",B6-IFERROR(INDEX(B$4:B$153,MATCH(1,(D$4:D$153=D6)*(C$4:C$153=H6),0)),B6)) | K6: =IF(OR(C6="",E6=""),"",C6+E6) | N6: Filtro de Ar Condicionado (Cabine) | O6: 15000
A7: 4 | E7: =IF(D7="","",VLOOKUP(D7,$N$1:$O$57,2,FALSE)) | I7: =IF(OR(C7="",H7=""),"",C7-H7) | J7: =IF(OR(B7="",H7=""),"",B7-IFERROR(INDEX(B$4:B$153,MATCH(1,(D$4:D$153=D7)*(C$4:C$153=H7),0)),B7)) | K7: =IF(OR(C7="",E7=""),"",C7+E7) | N7: Correia Dentada | O7: 80000
A8: 5 | E8: =IF(D8="","",VLOOKUP(D8,$N$1:$O$57,2,FALSE)) | I8: =IF(OR(C8="",H8=""),"",C8-H8) | J8: =IF(OR(B8="",H8=""),"",B8-IFERROR(INDEX(B$4:B$153,MATCH(1,(D$4:D$153=D8)*(C$4:C$153=H8),0)),B8)) | K8: =IF(OR(C8="",E8=""),"",C8+E8) | N8: Correia do Alternador/Acessórios | O8: 50000
A9: 6 | E9: =IF(D9="","",VLOOKUP(D9,$N$1:$O$57,2,FALSE)) | I9: =IF(OR(C9="",H9=""),"",C9-H9) | J9: =IF(OR(B9="",H9=""),"",B9-IFERROR(INDEX(B$4:B$153,MATCH(1,(D$4:D$153=D9)*(C$4:C$153=H9),0)),B9)) | K9: =IF(OR(C9="",E9=""),"",C9+E9) | N9: Tensor da Correia Dentada | O9: 80000
A10: 7 | E10: =IF(D10="","",VLOOKUP(D10,$N$1:$O$57,2,FALSE)) | I10: =IF(OR(C10="",H10=""),"",C10-H10) | J10: =IF(OR(B10="",H10=""),"",B10-IFERROR(INDEX(B$4:B$153,MATCH(1,(D$4:D$153=D10)*(C$4:C$153=H10),0)),B10)) | K10: =IF(OR(C10="",E10=""),"",C10+E10) | N10: Bomba d'Água | O10: 80000
A11: 8 | E11: =IF(D11="","",VLOOKUP(D11,$N$1:$O$57,2,FALSE)) | I11: =IF(OR(C11="",H11=""),"",C11-H11) | J11: =IF(OR(B11="",H11=""),"",B11-IFERROR(INDEX(B$4:B$153,MATCH(1,(D$4:D$153=D11)*(C$4:C$153=H11),0)),B11)) | K11: =IF(OR(C11="",E11=""),"",C11+E11) | N11: Kit de Embreagem (Disco + Platô + Rolamento) | O11: 70000
A12: 9 | E12: =IF(D12="","",VLOOKUP(D12,$N$1:$O$57,2,FALSE)) | I12: =IF(OR(C12="",H12=""),"",C12-H12) | J12: =IF(OR(B12="",H12=""),"",B12-IFERROR(INDEX(B$4:B$153,MATCH(1,(D$4:D$153=D12)*(C$4:C$153=H12),0)),B12)) | K12: =IF(OR(C12="",E12=""),"",C12+E12) | N12: Atuador Hidráulico da Embreagem | O12: 70000
A13: 10 | E13: =IF(D13="","",VLOOKUP(D13,$N$1:$O$57,2,FALSE)) | I13: =IF(OR(C13="",H13=""),"",C13-H13) | J13: =IF(OR(B13="",H13=""),"",B13-IFERROR(INDEX(B$4:B$153,MATCH(1,(D$4:D$153=D13)*(C$4:C$153=H13),0)),B13)) | K13: =IF(OR(C13="",E13=""),"",C13+E13) | N13: Fluido de Embreagem | O13: 30000
A14: 11 | E14: =IF(D14="","",VLOOKUP(D14,$N$1:$O$57,2,FALSE)) | I14: =IF(OR(C14="",H14=""),"",C14-H14) | J14: =IF(OR(B14="",H14=""),"",B14-IFERROR(INDEX(B$4:B$153,MATCH(1,(D$4:D$153=D14)*(C$4:C$153=H14),0)),B14)) | K14: =IF(OR(C14="",E14=""),"",C14+E14) | N14: Pastilhas de Freio Dianteiras | O14: 25000
A15: 12 | E15: =IF(D15="","",VLOOKUP(D15,$N$1:$O$57,2,FALSE)) | I15: =IF(OR(C15="",H15=""),"",C15-H15) | J15: =IF(OR(B15="",H15=""),"",B15-IFERROR(INDEX(B$4:B$153,MATCH(1,(D$4:D$153=D15)*(C$4:C$153=H15),0)),B15)) | K15: =IF(OR(C15="",E15=""),"",C15+E15) | N15: Lonas de Freio Traseiras | O15: 35000
... A57: 54 | E57: =IF(D57="","",VLOOKUP(D57,$N$1:$O$57,2,FALSE)) | I57: =IF(OR(C57="",H57=""),"",C57-H57) | J57: =IF(OR(B57="",H57=""),"",B57-IFERROR(INDEX(B$4:B$153,MATCH(1,(D$4:D$153=D57)*(C$4:C$153=H57),0)),B57)) | K57: =IF(OR(C57="",E57=""),"",C57+E57) | N57: Válvula EGR | O57: 80000
A58: 55 | E58: =IF(D58="","",VLOOKUP(D58,$N$1:$O$57,2,FALSE)) | I58: =IF(OR(C58="",H58=""),"",C58-H58) | J58: =IF(OR(B58="",H58=""),"",B58-IFERROR(INDEX(B$4:B$153,MATCH(1,(D$4:D$153=D58)*(C$4:C$153=H58),0)),B58)) | K58: =IF(OR(C58="",E58=""),"",C58+E58)
A59: 56 | E59: =IF(D59="","",VLOOKUP(D59,$N$1:$O$57,2,FALSE)) | I59: =IF(OR(C59="",H59=""),"",C59-H59) | J59: =IF(OR(B59="",H59=""),"",B59-IFERROR(INDEX(B$4:B$153,MATCH(1,(D$4:D$153=D59)*(C$4:C$153=H59),0)),B59)) | K59: =IF(OR(C59="",E59=""),"",C59+E59)
A60: 57 | E60: =IF(D60="","",VLOOKUP(D60,$N$1:$O$57,2,FALSE)) | I60: =IF(OR(C60="",H60=""),"",C60-H60) | J60: =IF(OR(B60="",H60=""),"",B60-IFERROR(INDEX(B$4:B$153,MATCH(1,(D$4:D$153=D60)*(C$4:C$153=H60),0)),B60)) | K60: =IF(OR(C60="",E60=""),"",C60+E60)
A61: 58 | E61: =IF(D61="","",VLOOKUP(D61,$N$1:$O$57,2,FALSE)) | I61: =IF(OR(C61="",H61=""),"",C61-H61) | J61: =IF(OR(B61="",H61=""),"",B61-IFERROR(INDEX(B$4:B$153,MATCH(1,(D$4:D$153=D61)*(C$4:C$153=H61),0)),B61)) | K61: =IF(OR(C61="",E61=""),"",C61+E61)
A62: 59 | E62: =IF(D62="","",VLOOKUP(D62,$N$1:$O$57,2,FALSE)) | I62: =IF(OR(C62="",H62=""),"",C62-H62) | J62: =IF(OR(B62="",H62=""),"",B62-IFERROR(INDEX(B$4:B$153,MATCH(1,(D$4:D$153=D62)*(C$4:C$153=H62),0)),B62)) | K62: =IF(OR(C62="",E62=""),"",C62+E62)
A63: 60 | E63: =IF(D63="","",VLOOKUP(D63,$N$1:$O$57,2,FALSE)) | I63: =IF(OR(C63="",H63=""),"",C63-H63) | J63: =IF(OR(B63="",H63=""),"",B63-IFERROR(INDEX(B$4:B$153,MATCH(1,(D$4:D$153=D63)*(C$4:C$153=H63),0)),B63)) | K63: =IF(OR(C63="",E63=""),"",C63+E63)
A64: 61 | E64: =IF(D64="","",VLOOKUP(D64,$N$1:$O$57,2,FALSE)) | I64: =IF(OR(C64="",H64=""),"",C64-H64) | J64: =IF(OR(B64="",H64=""),"",B64-IFERROR(INDEX(B$4:B$153,MATCH(1,(D$4:D$153=D64)*(C$4:C$153=H64),0)),B64)) | K64: =IF(OR(C64="",E64=""),"",C64+E64)
A65: 62 | E65: =IF(D65="","",VLOOKUP(D65,$N$1:$O$57,2,FALSE)) | I65: =IF(OR(C65="",H65=""),"",C65-H65) | J65: =IF(OR(B65="",H65=""),"",B65-IFERROR(INDEX(B$4:B$153,MATCH(1,(D$4:D$153=D65)*(C$4:C$153=H65),0)),B65)) | K65: =IF(OR(C65="",E65=""),"",C65+E65)
A66: 63 | E66: =IF(D66="","",VLOOKUP(D66,$N$1:$O$57,2,FALSE)) | I66: =IF(OR(C66="",H66=""),"",C66-H66) | J66: =IF(OR(B66="",H66=""),"",B66-IFERROR(INDEX(B$4:B$153,MATCH(1,(D$4:D$153=D66)*(C$4:C$153=H66),0)),B66)) | K66: =IF(OR(C66="",E66=""),"",C66+E66)
A67: 64 | E67: =IF(D67="","",VLOOKUP(D67,$N$1:$O$57,2,FALSE)) | I67: =IF(OR(C67="",H67=""),"",C67-H67) | J67: =IF(OR(B67="",H67=""),"",B67-IFERROR(INDEX(B$4:B$153,MATCH(1,(D$4:D$153=D67)*(C$4:C$153=H67),0)),B67)) | K67: =IF(OR(C67="",E67=""),"",C67+E67)
A68: 65 | E68: =IF(D68="","",VLOOKUP(D68,$N$1:$O$57,2,FALSE)) | I68: =IF(OR(C68="",H68=""),"",C68-H68) | J68: =IF(OR(B68="",H68=""),"",B68-IFERROR(INDEX(B$4:B$153,MATCH(1,(D$4:D$153=D68)*(C$4:C$153=H68),0)),B68)) | K68: =IF(OR(C68="",E68=""),"",C68+E68)
A69: 66 | E69: =IF(D69="","",VLOOKUP(D69,$N$1:$O$57,2,FALSE)) | I69: =IF(OR(C69="",H69=""),"",C69-H69) | J69: =IF(OR(B69="",H69=""),"",B69-IFERROR(INDEX(B$4:B$153,MATCH(1,(D$4:D$153=D69)*(C$4:C$153=H69),0)),B69)) | K69: =IF(OR(C69="",E69=""),"",C69+E69)
... A153: 150 | E153: =IF(D153="","",VLOOKUP(D153,$N$1:$O$57,2,FALSE)) | I153: =IF(OR(C153="",H153=""),"",C153-H153) | J153: =IF(OR(B153="",H153=""),"",B153-IFERROR(INDEX(B$4:B$153,MATCH(1,(D$4:D$153=D153)*(C$4:C$153=H153),0)),B153)) | K153: =IF(OR(C153="",E153=""),"",C153+E153)
A154: TOTAL INVESTIDO EM PREVENTIVA | G154: =SUM(G4:G153)

Sheet Corretiva Bongo
A1: MANUTENÇÃO CORRETIVA (QUEBRAS) — KIA BONGO 2014 | P1: Óleo do Motor 5W-30 (Diesel)
P2: Filtro de Óleo
A3: Nº | B3: Data da Quebra | C3: Odômetro Quebra (km) | D3: Peça que Quebrou | E3: Descrição do Problema | F3: Oficina / Mecânico | G3: Valor do Conserto (R$) | H3: Valor da Peça (R$) | I3: Valor Mão de Obra (R$) | J3: Custo Total (R$) | K3: Data Última Quebra (mesma peça) | L3: Odômetro Última Quebra | M3: Dias entre Quebras | N3: Km entre Quebras | P3: Filtro de Combustível (Primário)
A4: 1 | J4: =IF(G4<>"",G4,IF(OR(H4="",I4=""),"",H4+I4)) | M4: =IF(OR(B4="",K4=""),"",B4-K4) | N4: =IF(OR(C4="",L4=""),"",C4-L4) | P4: Filtro de Combustível (Secundário)
A5: 2 | J5: =IF(G5<>"",G5,IF(OR(H5="",I5=""),"",H5+I5)) | M5: =IF(OR(B5="",K5=""),"",B5-K5) | N5: =IF(OR(C5="",L5=""),"",C5-L5) | P5: Filtro de Ar do Motor
A6: 3 | J6: =IF(G6<>"",G6,IF(OR(H6="",I6=""),"",H6+I6)) | M6: =IF(OR(B6="",K6=""),"",B6-K6) | N6: =IF(OR(C6="",L6=""),"",C6-L6) | P6: Filtro de Ar Condicionado (Cabine)
A7: 4 | J7: =IF(G7<>"",G7,IF(OR(H7="",I7=""),"",H7+I7)) | M7: =IF(OR(B7="",K7=""),"",B7-K7) | N7: =IF(OR(C7="",L7=""),"",C7-L7) | P7: Correia Dentada
A8: 5 | J8: =IF(G8<>"",G8,IF(OR(H8="",I8=""),"",H8+I8)) | M8: =IF(OR(B8="",K8=""),"",B8-K8) | N8: =IF(OR(C8="",L8=""),"",C8-L8) | P8: Correia do Alternador/Acessórios
A9: 6 | J9: =IF(G9<>"",G9,IF(OR(H9="",I9=""),"",H9+I9)) | M9: =IF(OR(B9="",K9=""),"",B9-K9) | N9: =IF(OR(C9="",L9=""),"",C9-L9) | P9: Tensor da Correia Dentada
A10: 7 | J10: =IF(G10<>"",G10,IF(OR(H10="",I10=""),"",H10+I10)) | M10: =IF(OR(B10="",K10=""),"",B10-K10) | N10: =IF(OR(C10="",L10=""),"",C10-L10) | P10: Bomba d'Água
A11: 8 | J11: =IF(G11<>"",G11,IF(OR(H11="",I11=""),"",H11+I11)) | M11: =IF(OR(B11="",K11=""),"",B11-K11) | N11: =IF(OR(C11="",L11=""),"",C11-L11) | P11: Kit de Embreagem (Disco + Platô + Rolamento)
A12: 9 | J12: =IF(G12<>"",G12,IF(OR(H12="",I12=""),"",H12+I12)) | M12: =IF(OR(B12="",K12=""),"",B12-K12) | N12: =IF(OR(C12="",L12=""),"",C12-L12) | P12: Atuador Hidráulico da Embreagem
A13: 10 | J13: =IF(G13<>"",G13,IF(OR(H13="",I13=""),"",H13+I13)) | M13: =IF(OR(B13="",K13=""),"",B13-K13) | N13: =IF(OR(C13="",L13=""),"",C13-L13) | P13: Fluido de Embreagem
A14: 11 | J14: =IF(G14<>"",G14,IF(OR(H14="",I14=""),"",H14+I14)) | M14: =IF(OR(B14="",K14=""),"",B14-K14) | N14: =IF(OR(C14="",L14=""),"",C14-L14) | P14: Pastilhas de Freio Dianteiras
A15: 12 | J15: =IF(G15<>"",G15,IF(OR(H15="",I15=""),"",H15+I15)) | M15: =IF(OR(B15="",K15=""),"",B15-K15) | N15: =IF(OR(C15="",L15=""),"",C15-L15) | P15: Lonas de Freio Traseiras
... A57: 54 | J57: =IF(G57<>"",G57,IF(OR(H57="",I57=""),"",H57+I57)) | M57: =IF(OR(B57="",K57=""),"",B57-K57) | N57: =IF(OR(C57="",L57=""),"",C57-L57) | P57: Válvula EGR
A58: 55 | J58: =IF(G58<>"",G58,IF(OR(H58="",I58=""),"",H58+I58)) | M58: =IF(OR(B58="",K58=""),"",B58-K58) | N58: =IF(OR(C58="",L58=""),"",C58-L58)
A59: 56 | J59: =IF(G59<>"",G59,IF(OR(H59="",I59=""),"",H59+I59)) | M59: =IF(OR(B59="",K59=""),"",B59-K59) | N59: =IF(OR(C59="",L59=""),"",C59-L59)
A60: 57 | J60: =IF(G60<>"",G60,IF(OR(H60="",I60=""),"",H60+I60)) | M60: =IF(OR(B60="",K60=""),"",B60-K60) | N60: =IF(OR(C60="",L60=""),"",C60-L60)
A61: 58 | J61: =IF(G61<>"",G61,IF(OR(H61="",I61=""),"",H61+I61)) | M61: =IF(OR(B61="",K61=""),"",B61-K61) | N61: =IF(OR(C61="",L61=""),"",C61-L61)
A62: 59 | J62: =IF(G62<>"",G62,IF(OR(H62="",I62=""),"",H62+I62)) | M62: =IF(OR(B62="",K62=""),"",B62-K62) | N62: =IF(OR(C62="",L62=""),"",C62-L62)
A63: 60 | J63: =IF(G63<>"",G63,IF(OR(H63="",I63=""),"",H63+I63)) | M63: =IF(OR(B63="",K63=""),"",B63-K63) | N63: =IF(OR(C63="",L63=""),"",C63-L63)
A64: 61 | J64: =IF(G64<>"",G64,IF(OR(H64="",I64=""),"",H64+I64)) | M64: =IF(OR(B64="",K64=""),"",B64-K64) | N64: =IF(OR(C64="",L64=""),"",C64-L64)
A65: 62 | J65: =IF(G65<>"",G65,IF(OR(H65="",I65=""),"",H65+I65)) | M65: =IF(OR(B65="",K65=""),"",B65-K65) | N65: =IF(OR(C65="",L65=""),"",C65-L65)
A66: 63 | J66: =IF(G66<>"",G66,IF(OR(H66="",I66=""),"",H66+I66)) | M66: =IF(OR(B66="",K66=""),"",B66-K66) | N66: =IF(OR(C66="",L66=""),"",C66-L66)
A67: 64 | J67: =IF(G67<>"",G67,IF(OR(H67="",I67=""),"",H67+I67)) | M67: =IF(OR(B67="",K67=""),"",B67-K67) | N67: =IF(OR(C67="",L67=""),"",C67-L67)
A68: 65 | J68: =IF(G68<>"",G68,IF(OR(H68="",I68=""),"",H68+I68)) | M68: =IF(OR(B68="",K68=""),"",B68-K68) | N68: =IF(OR(C68="",L68=""),"",C68-L68)
A69: 66 | J69: =IF(G69<>"",G69,IF(OR(H69="",I69=""),"",H69+I69)) | M69: =IF(OR(B69="",K69=""),"",B69-K69) | N69: =IF(OR(C69="",L69=""),"",C69-L69)
... A153: 150 | J153: =IF(G153<>"",G153,IF(OR(H153="",I153=""),"",H153+I153)) | M153: =IF(OR(B153="",K153=""),"",B153-K153) | N153: =IF(OR(C153="",L153=""),"",C153-L153)
A154: TOTAL GASTO EM CORRETIVA | J154: =SUM(J4:J153)

Sheet Pneus Bongo
A1: CONTROLE DE PNEUS — KIA BONGO 2014
A2: Medida padrão: 205/75 R16
A3: Nº | B3: Data Compra | C3: Odômetro Compra (km) | D3: Posição (DE/DD/TE/TD/Estepe) | E3: Marca / Modelo Pneu | F3: Valor Unitário (R$) | G3: Qtd | H3: Valor Total (R$) | I3: Data Troca / Descarte | J3: Odômetro Troca (km) | K3: Km Rodados (Vida Útil) | L3: Dias de Uso | M3: Custo por Km (R$/km) | N3: Motivo Troca
A4: 1 | H4: =IF(OR(F4="",G4=""),"",F4*G4) | K4: =IF(OR(C4="",J4=""),"",J4-C4) | L4: =IF(OR(B4="",I4=""),"",I4-B4) | M4: =IF(OR(H4="",K4="",K4=0),"",H4/K4)
A5: 2 | H5: =IF(OR(F5="",G5=""),"",F5*G5) | K5: =IF(OR(C5="",J5=""),"",J5-C5) | L5: =IF(OR(B5="",I5=""),"",I5-B5) | M5: =IF(OR(H5="",K5="",K5=0),"",H5/K5)
A6: 3 | H6: =IF(OR(F6="",G6=""),"",F6*G6) | K6: =IF(OR(C6="",J6=""),"",J6-C6) | L6: =IF(OR(B6="",I6=""),"",I6-B6) | M6: =IF(OR(H6="",K6="",K6=0),"",H6/K6)
A7: 4 | H7: =IF(OR(F7="",G7=""),"",F7*G7) | K7: =IF(OR(C7="",J7=""),"",J7-C7) | L7: =IF(OR(B7="",I7=""),"",I7-B7) | M7: =IF(OR(H7="",K7="",K7=0),"",H7/K7)
A8: 5 | H8: =IF(OR(F8="",G8=""),"",F8*G8) | K8: =IF(OR(C8="",J8=""),"",J8-C8) | L8: =IF(OR(B8="",I8=""),"",I8-B8) | M8: =IF(OR(H8="",K8="",K8=0),"",H8/K8)
A9: 6 | H9: =IF(OR(F9="",G9=""),"",F9*G9) | K9: =IF(OR(C9="",J9=""),"",J9-C9) | L9: =IF(OR(B9="",I9=""),"",I9-B9) | M9: =IF(OR(H9="",K9="",K9=0),"",H9/K9)
A10: 7 | H10: =IF(OR(F10="",G10=""),"",F10*G10) | K10: =IF(OR(C10="",J10=""),"",J10-C10) | L10: =IF(OR(B10="",I10=""),"",I10-B10) | M10: =IF(OR(H10="",K10="",K10=0),"",H10/K10)
A11: 8 | H11: =IF(OR(F11="",G11=""),"",F11*G11) | K11: =IF(OR(C11="",J11=""),"",J11-C11) | L11: =IF(OR(B11="",I11=""),"",I11-B11) | M11: =IF(OR(H11="",K11="",K11=0),"",H11/K11)
A12: 9 | H12: =IF(OR(F12="",G12=""),"",F12*G12) | K12: =IF(OR(C12="",J12=""),"",J12-C12) | L12: =IF(OR(B12="",I12=""),"",I12-B12) | M12: =IF(OR(H12="",K12="",K12=0),"",H12/K12)
A13: 10 | H13: =IF(OR(F13="",G13=""),"",F13*G13) | K13: =IF(OR(C13="",J13=""),"",J13-C13) | L13: =IF(OR(B13="",I13=""),"",I13-B13) | M13: =IF(OR(H13="",K13="",K13=0),"",H13/K13)
A14: 11 | H14: =IF(OR(F14="",G14=""),"",F14*G14) | K14: =IF(OR(C14="",J14=""),"",J14-C14) | L14: =IF(OR(B14="",I14=""),"",I14-B14) | M14: =IF(OR(H14="",K14="",K14=0),"",H14/K14)
A15: 12 | H15: =IF(OR(F15="",G15=""),"",F15*G15) | K15: =IF(OR(C15="",J15=""),"",J15-C15) | L15: =IF(OR(B15="",I15=""),"",I15-B15) | M15: =IF(OR(H15="",K15="",K15=0),"",H15/K15)
... A83: 80 | H83: =IF(OR(F83="",G83=""),"",F83*G83) | K83: =IF(OR(C83="",J83=""),"",J83-C83) | L83: =IF(OR(B83="",I83=""),"",I83-B83) | M83: =IF(OR(H83="",K83="",K83=0),"",H83/K83)
A84: TOTAL INVESTIDO EM PNEUS | H84: =SUM(H4:H83)

Sheet Abastecimento Bongo
A1: CONTROLE DE ABASTECIMENTO — KIA BONGO 2014
A2: Tanque: 65 litros | Combustível: Diesel S10
A3: Nº | B3: Data | C3: Odômetro (km) | D3: Litros | E3: Valor/Litro (R$) | F3: Valor Total (R$) | G3: Posto / Local | H3: Tanque Cheio? | I3: Km desde Último Abast. | J3: Consumo (km/l) | K3: Custo por Km (R$/km) | L3: Observação
A4: 1 | F4: =IF(OR(D4="",E4=""),"",D4*E4)
A5: 2 | F5: =IF(OR(D5="",E5=""),"",D5*E5) | I5: =IF(OR(C5="",C4=""),"",C5-C4) | J5: =IF(OR(I5="",D5="",D5=0,I5=0),"",I5/D5) | K5: =IF(OR(F5="",I5="",I5=0),"",F5/I5)
A6: 3 | F6: =IF(OR(D6="",E6=""),"",D6*E6) | I6: =IF(OR(C6="",C5=""),"",C6-C5) | J6: =IF(OR(I6="",D6="",D6=0,I6=0),"",I6/D6) | K6: =IF(OR(F6="",I6="",I6=0),"",F6/I6)
A7: 4 | F7: =IF(OR(D7="",E7=""),"",D7*E7) | I7: =IF(OR(C7="",C6=""),"",C7-C6) | J7: =IF(OR(I7="",D7="",D7=0,I7=0),"",I7/D7) | K7: =IF(OR(F7="",I7="",I7=0),"",F7/I7)
A8: 5 | F8: =IF(OR(D8="",E8=""),"",D8*E8) | I8: =IF(OR(C8="",C7=""),"",C8-C7) | J8: =IF(OR(I8="",D8="",D8=0,I8=0),"",I8/D8) | K8: =IF(OR(F8="",I8="",I8=0),"",F8/I8)
A9: 6 | F9: =IF(OR(D9="",E9=""),"",D9*E9) | I9: =IF(OR(C9="",C8=""),"",C9-C8) | J9: =IF(OR(I9="",D9="",D9=0,I9=0),"",I9/D9) | K9: =IF(OR(F9="",I9="",I9=0),"",F9/I9)
A10: 7 | F10: =IF(OR(D10="",E10=""),"",D10*E10) | I10: =IF(OR(C10="",C9=""),"",C10-C9) | J10: =IF(OR(I10="",D10="",D10=0,I10=0),"",I10/D10) | K10: =IF(OR(F10="",I10="",I10=0),"",F10/I10)
A11: 8 | F11: =IF(OR(D11="",E11=""),"",D11*E11) | I11: =IF(OR(C11="",C10=""),"",C11-C10) | J11: =IF(OR(I11="",D11="",D11=0,I11=0),"",I11/D11) | K11: =IF(OR(F11="",I11="",I11=0),"",F11/I11)
A12: 9 | F12: =IF(OR(D12="",E12=""),"",D12*E12) | I12: =IF(OR(C12="",C11=""),"",C12-C11) | J12: =IF(OR(I12="",D12="",D12=0,I12=0),"",I12/D12) | K12: =IF(OR(F12="",I12="",I12=0),"",F12/I12)
A13: 10 | F13: =IF(OR(D13="",E13=""),"",D13*E13) | I13: =IF(OR(C13="",C12=""),"",C13-C12) | J13: =IF(OR(I13="",D13="",D13=0,I13=0),"",I13/D13) | K13: =IF(OR(F13="",I13="",I13=0),"",F13/I13)
A14: 11 | F14: =IF(OR(D14="",E14=""),"",D14*E14) | I14: =IF(OR(C14="",C13=""),"",C14-C13) | J14: =IF(OR(I14="",D14="",D14=0,I14=0),"",I14/D14) | K14: =IF(OR(F14="",I14="",I14=0),"",F14/I14)
A15: 12 | F15: =IF(OR(D15="",E15=""),"",D15*E15) | I15: =IF(OR(C15="",C14=""),"",C15-C14) | J15: =IF(OR(I15="",D15="",D15=0,I15=0),"",I15/D15) | K15: =IF(OR(F15="",I15="",I15=0),"",F15/I15)
A16: 13 | F16: =IF(OR(D16="",E16=""),"",D16*E16) | I16: =IF(OR(C16="",C15=""),"",C16-C15) | J16: =IF(OR(I16="",D16="",D16=0,I16=0),"",I16/D16) | K16: =IF(OR(F16="",I16="",I16=0),"",F16/I16)
... A153: 150 | F153: =IF(OR(D153="",E153=""),"",D153*E153) | I153: =IF(OR(C153="",C152=""),"",C153-C152) | J153: =IF(OR(I153="",D153="",D153=0,I153=0),"",I153/D153) | K153: =IF(OR(F153="",I153="",I153=0),"",F153/I153)
A154: TOTAIS | D154: =SUM(D4:D153) | F154: =SUM(F4:F153)
A155: MÉDIA DE CONSUMO | J155: =IF(COUNTA(J4:J153)=0,"",AVERAGE(J4:J153))

Sheet Resumo Anual
A1: RESUMO ANUAL — GASTOS DA FROTA
B2: Ano de Referência: | D2: 2025
B4: Categoria de Gasto | C4: HR Hyundai 2018 | D4: KIA Bongo 2014 | E4: TOTAL FROTA
B5: Manutenção Preventiva | C5: =SUMPRODUCT(('Preventiva HR'!B4:B153<>"")*(YEAR('Preventiva HR'!B4:B153)=D2)*('Preventiva HR'!G4:G153)) | D5: =SUMPRODUCT(('Preventiva Bongo'!B4:B153<>"")*(YEAR('Preventiva Bongo'!B4:B153)=D2)*('Preventiva Bongo'!G4:G153)) | E5: =C5+D5
B6: Manutenção Corretiva (Quebras) | C6: =SUMPRODUCT(('Corretiva HR'!B4:B153<>"")*(YEAR('Corretiva HR'!B4:B153)=D2)*('Corretiva HR'!J4:J153)) | D6: =SUMPRODUCT(('Corretiva Bongo'!B4:B153<>"")*(YEAR('Corretiva Bongo'!B4:B153)=D2)*('Corretiva Bongo'!J4:J153)) | E6: =C6+D6
B7: Pneus | C7: =SUMPRODUCT(('Pneus HR'!B4:B83<>"")*(YEAR('Pneus HR'!B4:B83)=D2)*('Pneus HR'!H4:H83)) | D7: =SUMPRODUCT(('Pneus Bongo'!B4:B83<>"")*(YEAR('Pneus Bongo'!B4:B83)=D2)*('Pneus Bongo'!H4:H83)) | E7: =C7+D7
B8: Combustível (Diesel) | C8: =SUMPRODUCT(('Abastecimento HR'!B4:B153<>"")*(YEAR('Abastecimento HR'!B4:B153)=D2)*('Abastecimento HR'!F4:F153)) | D8: =SUMPRODUCT(('Abastecimento Bongo'!B4:B153<>"")*(YEAR('Abastecimento Bongo'!B4:B153)=D2)*('Abastecimento Bongo'!F4:F153)) | E8: =C8+D8
B9: OUTROS CUSTOS OPERACIONAIS
B10: IPVA | E10: =IF(AND(C10="",D10=""),"",C10+D10)
B11: Seguro Obrigatório (DPVAT) | E11: =IF(AND(C11="",D11=""),"",C11+D11)
B12: Seguro Facultativo | E12: =IF(AND(C12="",D12=""),"",C12+D12)
B13: Licenciamento | E13: =IF(AND(C13="",D13=""),"",C13+D13)
B14: Pedágios | E14: =IF(AND(C14="",D14=""),"",C14+D14)
B15: Estacionamento | E15: =IF(AND(C15="",D15=""),"",C15+D15)
B16: Lavagem | E16: =IF(AND(C16="",D16=""),"",C16+D16)
B17: Documentação / Multas | E17: =IF(AND(C17="",D17=""),"",C17+D17)
B18: Outros Gastos | E18: =IF(AND(C18="",D18=""),"",C18+D18)
B20: TOTAL GERAL ANUAL | C20: =SUM(C5:C18) | D20: =SUM(D5:D18) | E20: =SUM(E5:E18)
B22: MÉTRICAS COMPLEMENTARES
B23: Total de Abastecimentos (qtd) | C23: =SUMPRODUCT(('Abastecimento HR'!B4:B153<>"")*(YEAR('Abastecimento HR'!B4:B153)=D2)) | D23: =SUMPRODUCT(('Abastecimento Bongo'!B4:B153<>"")*(YEAR('Abastecimento Bongo'!B4:B153)=D2)) | E23: =IFERROR(C23+D23,"")
B24: Total Litros Consumidos | C24: =SUMPRODUCT(('Abastecimento HR'!B4:B153<>"")*(YEAR('Abastecimento HR'!B4:B153)=D2)*('Abastecimento HR'!D4:D153)) | D24: =SUMPRODUCT(('Abastecimento Bongo'!B4:B153<>"")*(YEAR('Abastecimento Bongo'!B4:B153)=D2)*('Abastecimento Bongo'!D4:D153)) | E24: =IFERROR(C24+D24,"")
B25: Qtd Manutenções Preventivas | C25: =SUMPRODUCT(('Preventiva HR'!B4:B153<>"")*(YEAR('Preventiva HR'!B4:B153)=D2)) | D25: =SUMPRODUCT(('Preventiva Bongo'!B4:B153<>"")*(YEAR('Preventiva Bongo'!B4:B153)=D2)) | E25: =IFERROR(C25+D25,"")
B26: Qtd Quebras / Corretivas | C26: =SUMPRODUCT(('Corretiva HR'!B4:B153<>"")*(YEAR('Corretiva HR'!B4:B153)=D2)) | D26: =SUMPRODUCT(('Corretiva Bongo'!B4:B153<>"")*(YEAR('Corretiva Bongo'!B4:B153)=D2)) | E26: =IFERROR(C26+D26,"")
B27: Qtd Trocas de Pneu | C27: =SUMPRODUCT(('Pneus HR'!B4:B83<>"")*(YEAR('Pneus HR'!B4:B83)=D2)) | D27: =SUMPRODUCT(('Pneus Bongo'!B4:B83<>"")*(YEAR('Pneus Bongo'!B4:B83)=D2)) | E27: =IFERROR(C27+D27,"")
B28: Custo Médio por Quebra | C28: =IFERROR(C6/26,"") | D28: =IFERROR(D6/26,"") | E28: =IFERROR(C28+D28,"")
